{
  "pi": 3.1415927,
  "halfPi": 1.57079635,
  "testCases": 
  [
    {
      "quaternion": {"x":-0.5024936,"y":-0.49749377,"z":-0.49749377,"w":0.5024937},
      "answer": -1.57079635
    },
    {
      "quaternion": {"x":0.70710677,"y":-0.70710677,"z":0,"w":0},
      "answer": 1.57079635
    
    }
  ]
}